root,stat,count,mean_dist,avg_prize_in_bin,sum_prize_in_bin,num_terms,cum_prize,per_%_total_prize,cum_%_total_prize,roots_in_bin
1,5-num Summary,280.0,16.84642857142857,,,280.0,,,,
1,"(2.0, 3.95]",11.0,16.84642857142857,1.9496363636363638,21.446,11.0,21.446,4.397817291464593,4.397817291464593,0.0
1,"(3.95, 5.9]",14.0,16.84642857142857,1.0313571428571429,14.439,14.0,35.885000000000005,2.9609290250609552,7.35874631652555,3.0
1,"(5.9, 7.85]",17.0,16.84642857142857,2.030235294117647,34.513999999999996,17.0,70.399,7.077602629749554,14.436348946275102,1.0
1,"(7.85, 9.8]",20.0,16.84642857142857,0.8638,17.276,20.0,87.675,3.542697543940236,17.979046490215335,2.0
1,"(9.8, 11.75]",20.0,16.84642857142857,1.9679000000000002,39.358000000000004,20.0,127.033,8.070935976753868,26.049982466969208,6.0
1,"(11.75, 13.7]",18.0,16.84642857142857,1.9382222222222225,34.888000000000005,18.0,161.921,7.154296822932794,33.204279289902,4.0
1,"(13.7, 15.65]",21.0,16.84642857142857,1.5520952380952382,32.594,21.0,194.515,6.683878429450569,39.88815771935257,3.0
1,"(15.65, 17.6]",19.0,16.84642857142857,2.176,41.344,19.0,235.85899999999998,8.47819444643813,48.366352165790694,2.0
1,"(17.6, 19.55]",27.0,16.84642857142857,1.9209999999999998,51.867,27.0,287.726,10.63609015463928,59.002442320429985,2.0
1,"(19.55, 21.5]",28.0,16.84642857142857,1.7801785714285714,49.845,28.0,337.571,10.221449356199413,69.2238916766294,1.0
1,"(21.5, 23.45]",24.0,16.84642857142857,1.6929166666666668,40.63,24.0,378.201,8.331778259451944,77.55566993608134,1.0
1,"(23.45, 25.4]",10.0,16.84642857142857,3.3216,33.216,10.0,411.41700000000003,6.8114286651724285,84.36709860125376,1.0
1,"(25.4, 27.35]",13.0,16.84642857142857,1.8835384615384616,24.486,13.0,435.903,5.021213941937985,89.38831254319174,1.0
1,"(27.35, 29.3]",9.0,16.84642857142857,1.8194444444444444,16.375,9.0,452.278,3.3579342603624314,92.74624680355419,0.0
1,"(29.3, 31.25]",3.0,16.84642857142857,1.3340000000000003,4.002000000000001,3.0,456.28000000000003,0.8206688799981956,93.56691568355238,0.0
1,"(31.25, 33.2]",4.0,16.84642857142857,3.0847499999999997,12.338999999999999,4.0,468.619,2.530293180983941,96.09720886453633,1.0
1,"(33.2, 35.15]",2.0,16.84642857142857,1.363,2.726,2.0,471.345,0.5590063385494953,96.65621520308582,1.0
1,"(35.15, 37.1]",7.0,16.84642857142857,1.2852857142857144,8.997,7.0,480.34200000000004,1.8449669948385217,98.50118219792434,0.0
1,"(37.1, 39.05]",6.0,16.84642857142857,0.7341666666666667,4.405,6.0,484.747,0.9033099491234511,99.40449214704779,0.0
1,"(39.05, 41.0]",1.0,16.84642857142857,2.904,2.904,1.0,487.651,0.5955078529522138,100.0,0.0
1,2.0-41.0,280.0,16.84642857142857,1.7416107142857142,487.651,280.0,487.651,100.0,100.0,29.0
61,5-num Summary,280.0,20.167857142857144,,,280.0,,,,
61,"(2.0, 3.95]",2.0,20.167857142857144,0.5305,1.061,2.0,1.061,0.22471719732542056,0.22471719732542056,0.0
61,"(3.95, 5.9]",2.0,20.167857142857144,1.3215,2.643,2.0,3.7039999999999997,0.5597809166174237,0.7844981139428442,1.0
61,"(5.9, 7.85]",8.0,20.167857142857144,1.653,13.224,8.0,16.928,2.8008107610097657,3.58530887495261,1.0
61,"(7.85, 9.8]",25.0,20.167857142857144,1.4313200000000001,35.783,25.0,52.711,7.578751622898702,11.164060497851311,0.0
61,"(9.8, 11.75]",21.0,20.167857142857144,1.8242380952380952,38.309,21.0,91.02,8.113752226521711,19.27781272437302,3.0
61,"(11.75, 13.7]",30.0,20.167857142857144,1.1886,35.658,30.0,126.678,7.5522769295286025,26.830089653901624,2.0
61,"(13.7, 15.65]",13.0,20.167857142857144,0.716076923076923,9.309,13.0,135.987,1.9716233646581902,28.801713018559816,5.0
61,"(15.65, 17.6]",14.0,20.167857142857144,2.6924285714285716,37.694,14.0,173.68099999999998,7.983496735140813,36.78520975370063,3.0
61,"(17.6, 19.55]",14.0,20.167857142857144,2.6307857142857145,36.831,14.0,210.512,7.800715452113634,44.585925205814256,2.0
61,"(19.55, 21.5]",16.0,20.167857142857144,2.4074375,38.519,16.0,249.031,8.158229711383482,52.74415491719774,3.0
61,"(21.5, 23.45]",19.0,20.167857142857144,1.6243684210526315,30.863,19.0,279.894,6.536707691851512,59.28086260904926,3.0
61,"(23.45, 25.4]",27.0,20.167857142857144,1.4030370370370369,37.882,27.0,317.776,8.023314673969445,67.3041772830187,2.0
61,"(25.4, 27.35]",28.0,20.167857142857144,1.8677142857142857,52.296,28.0,370.072,11.076164515862576,78.38034179888128,2.0
61,"(27.35, 29.3]",13.0,20.167857142857144,1.5953076923076923,20.739,13.0,390.811,4.392469326420261,82.77281112530154,0.0
61,"(29.3, 31.25]",16.0,20.167857142857144,1.8525625,29.641,16.0,420.452,6.277891089465401,89.05070221476694,0.0
61,"(31.25, 33.2]",7.0,20.167857142857144,2.2982857142857145,16.088,7.0,436.54,3.4073989355055287,92.45810115027247,1.0
61,"(33.2, 35.15]",8.0,20.167857142857144,1.974375,15.795,8.0,452.33500000000004,3.345342254246011,95.80344340451849,0.0
61,"(35.15, 37.1]",6.0,20.167857142857144,1.9623333333333333,11.774,6.0,464.10900000000004,2.493704317916589,98.29714772243507,1.0
61,"(37.1, 39.05]",3.0,20.167857142857144,0.7516666666666666,2.255,3.0,466.36400000000003,0.4776034683966289,98.7747511908317,0.0
61,"(39.05, 41.0]",6.0,20.167857142857144,0.9641666666666667,5.785,6.0,472.14900000000006,1.225248809168292,100.0,0.0
61,2.0-41.0,280.0,20.167857142857144,1.6862464285714287,472.14900000000006,280.0,472.14900000000006,100.0,100.0,29.0
301,5-num Summary,280.0,16.382142857142856,,,280.0,,,,
301,"(2.0, 3.7]",9.0,16.382142857142856,1.662111111111111,14.959,9.0,14.959,2.9341210484299634,2.9341210484299634,1.0
301,"(3.7, 5.4]",9.0,16.382142857142856,1.7833333333333334,16.05,9.0,31.009,3.148114367758601,6.082235416188564,1.0
301,"(5.4, 7.1]",17.0,16.382142857142856,2.5922352941176467,44.068,17.0,75.077,8.643682489619067,14.72591790580763,3.0
301,"(7.1, 8.8]",18.0,16.382142857142856,1.958277777777778,35.249,18.0,110.326,6.913886813029467,21.639804718837098,0.0
301,"(8.8, 10.5]",25.0,16.382142857142856,2.0192,50.480000000000004,25.0,160.80599999999998,9.901359083143563,31.54116380198066,4.0
301,"(10.5, 12.2]",27.0,16.382142857142856,1.959296296296296,52.900999999999996,27.0,213.707,10.376224184971822,41.917387986952484,1.0
301,"(12.2, 13.9]",16.0,16.382142857142856,2.0896875,33.435,16.0,247.142,6.558081239003666,48.47546922595615,3.0
301,"(13.9, 15.6]",19.0,16.382142857142856,1.162578947368421,22.089,19.0,269.231,4.332629175664781,52.80809840162093,4.0
301,"(15.6, 17.3]",22.0,16.382142857142856,1.901090909090909,41.824,22.0,311.055,8.203534910724967,61.0116333123459,3.0
301,"(17.3, 19.0]",11.0,16.382142857142856,2.442272727272727,26.865,11.0,337.92,5.269413862295004,66.2810471746409,4.0
301,"(19.0, 20.7]",11.0,16.382142857142856,1.9041818181818184,20.946,11.0,358.86600000000004,4.108436358073001,70.38948353271391,0.0
301,"(20.7, 22.4]",21.0,16.382142857142856,1.7885714285714287,37.56,21.0,396.42600000000004,7.367176053147231,77.75665958586114,3.0
301,"(22.4, 24.1]",18.0,16.382142857142856,1.579888888888889,28.438,18.0,424.86400000000003,5.577948684755084,83.33460827061622,0.0
301,"(24.1, 25.8]",8.0,16.382142857142856,1.222375,9.779,8.0,434.64300000000003,1.918094106063013,85.25270237667924,0.0
301,"(25.8, 27.5]",22.0,16.382142857142856,1.7234545454545454,37.916,22.0,472.559,7.437003387410288,92.68970576408952,1.0
301,"(27.5, 29.2]",9.0,16.382142857142856,2.0372222222222223,18.335,9.0,490.894,3.5963038587447946,96.28600962283431,0.0
301,"(29.2, 30.9]",2.0,16.382142857142856,1.0805,2.161,2.0,493.055,0.42386761051254435,96.70987723334686,1.0
301,"(30.9, 32.6]",7.0,16.382142857142856,1.3178571428571428,9.225,7.0,502.28000000000003,1.809430220721065,98.51930745406793,0.0
301,"(32.6, 34.3]",6.0,16.382142857142856,0.7586666666666666,4.552,6.0,506.83200000000005,0.8928483864197602,99.4121558404877,0.0
301,"(34.3, 36.0]",1.0,16.382142857142856,2.997,2.997,1.0,509.82900000000006,0.587844159512307,100.0,0.0
301,2.0-36.0,280.0,16.382142857142856,1.8208178571428573,509.82900000000006,280.0,509.82900000000006,100.0,100.0,29.0
302,5-num Summary,280.0,17.62142857142857,,,280.0,,,,
302,"(3.6, 5.2]",12.0,17.62142857142857,2.8859999999999997,34.632,12.0,34.632,6.85231279407051,6.85231279407051,1.0
302,"(5.2, 6.8]",2.0,17.62142857142857,1.577,3.154,2.0,37.786,0.6240527417561328,7.476365535826644,0.0
302,"(6.8, 8.4]",7.0,17.62142857142857,2.567857142857143,17.975,7.0,55.761,3.556546617966547,11.032912153793191,2.0
302,"(8.4, 10.0]",20.0,17.62142857142857,2.2464500000000003,44.929,20.0,100.69,8.889684728713156,19.922596882506348,2.0
302,"(10.0, 11.6]",26.0,17.62142857142857,2.044846153846154,53.166000000000004,26.0,153.856,10.519463559989397,30.442060442495745,1.0
302,"(11.6, 13.2]",29.0,17.62142857142857,1.6192758620689656,46.959,29.0,200.815,9.291342010185872,39.73340245268162,3.0
302,"(13.2, 14.8]",18.0,17.62142857142857,2.290611111111111,41.231,18.0,242.046,8.157995749951526,47.89139820263314,2.0
302,"(14.8, 16.4]",22.0,17.62142857142857,1.5970454545454544,35.135,22.0,277.181,6.951836741154638,54.84323494378778,2.0
302,"(16.4, 18.0]",27.0,17.62142857142857,2.295074074074074,61.967,27.0,339.14799999999997,12.260835842866925,67.1040707866547,5.0
302,"(18.0, 19.6]",8.0,17.62142857142857,1.664125,13.313,8.0,352.46099999999996,2.634119895687824,69.73819068234252,2.0
302,"(19.6, 21.2]",15.0,17.62142857142857,1.5544666666666667,23.317,15.0,375.77799999999996,4.61351863650214,74.35170931884466,3.0
302,"(21.2, 22.8]",10.0,17.62142857142857,1.5431000000000001,15.431000000000001,10.0,391.20899999999995,3.0531889213820183,77.40489824022667,1.0
302,"(22.8, 24.4]",15.0,17.62142857142857,1.5093999999999999,22.641,15.0,413.84999999999997,4.479764783164427,81.8846630233911,1.0
302,"(24.4, 26.0]",8.0,17.62142857142857,1.22325,9.786,8.0,423.63599999999997,1.9362651017202015,83.82092812511131,2.0
302,"(26.0, 27.6]",11.0,17.62142857142857,1.7102727272727272,18.813,11.0,442.44899999999996,3.7223539095301605,87.54328203464146,1.0
302,"(27.6, 29.2]",20.0,17.62142857142857,1.1058,22.116,20.0,464.56499999999994,4.3758879000249316,91.9191699346664,0.0
302,"(29.2, 30.8]",14.0,17.62142857142857,1.9043571428571429,26.661,14.0,491.22599999999994,5.275164916918281,97.19433485158467,0.0
302,"(30.8, 32.4]",10.0,17.62142857142857,0.9739000000000001,9.739,10.0,500.9649999999999,1.9269656474200945,99.12130049900476,0.0
302,"(32.4, 34.0]",2.0,17.62142857142857,2.2205,4.441,2.0,505.4059999999999,0.8786995009952397,100.0,0.0
302,2.0-34.0,280.0,17.62142857142857,1.805021428571428,505.4059999999999,280.0,505.4059999999999,100.0,100.0,29.0
601,5-num Summary,280.0,19.396428571428572,,,280.0,,,,
601,"(4.0, 5.65]",5.0,19.396428571428572,2.6681999999999997,13.341,5.0,13.341,2.7192290523972877,2.7192290523972877,0.0
601,"(5.65, 7.3]",13.0,19.396428571428572,3.210538461538462,41.737,13.0,55.078,8.507043172168922,11.22627222456621,3.0
601,"(7.3, 8.95]",4.0,19.396428571428572,2.46025,9.841,4.0,64.919,2.0058416239143773,13.232113848480587,0.0
601,"(8.95, 10.6]",21.0,19.396428571428572,2.681142857142857,56.304,21.0,121.223,11.476161649514797,24.708275497995384,1.0
601,"(10.6, 12.25]",21.0,19.396428571428572,1.359952380952381,28.559,21.0,149.782,5.821037591440982,30.529313089436368,2.0
601,"(12.25, 13.9]",22.0,19.396428571428572,1.5344545454545455,33.758,22.0,183.54000000000002,6.880723660207454,37.41003674964382,2.0
601,"(13.9, 15.55]",34.0,19.396428571428572,1.7207941176470587,58.507,34.0,242.04700000000003,11.925188079499897,49.33522482914372,2.0
601,"(15.55, 17.2]",13.0,19.396428571428572,1.7889230769230768,23.256,13.0,265.303,4.7401537247995895,54.075378553943295,5.0
601,"(17.2, 18.85]",6.0,19.396428571428572,2.3446666666666665,14.068,6.0,279.371,2.8674098125421663,56.942788366485466,3.0
601,"(18.85, 20.5]",24.0,19.396428571428572,1.4130416666666665,33.913,24.0,313.284,6.9123165320402675,63.85510489852574,2.0
601,"(20.5, 22.15]",10.0,19.396428571428572,1.9669,19.669,10.0,332.953,4.00903352309439,67.86413842162013,1.0
601,"(22.15, 23.8]",8.0,19.396428571428572,1.512625,12.101,8.0,345.054,2.4664860777347712,70.3306244993549,2.0
601,"(23.8, 25.45]",10.0,19.396428571428572,2.5905,25.905,10.0,370.95899999999995,5.280086095671369,75.61071059502625,2.0
601,"(25.45, 27.1]",15.0,19.396428571428572,1.3596666666666666,20.395,15.0,391.3539999999999,4.157010458259702,79.76772105328595,2.0
601,"(27.1, 28.75]",9.0,19.396428571428572,1.6195555555555556,14.576,9.0,405.92999999999995,2.970952902161972,82.73867395544792,1.0
601,"(28.75, 30.4]",20.0,19.396428571428572,1.4106999999999998,28.214,20.0,434.14399999999995,5.750717973490524,88.48939192893846,1.0
601,"(30.4, 32.05]",15.0,19.396428571428572,1.0472,15.708,15.0,449.852,3.2016827790313016,91.69107470796976,0.0
601,"(32.05, 33.7]",10.0,19.396428571428572,1.5543,15.543,10.0,465.395,3.1680516574028212,94.85912636537257,0.0
601,"(33.7, 35.35]",15.0,19.396428571428572,1.4596000000000002,21.894000000000002,15.0,487.289,4.462544102629955,99.32167046800254,0.0
601,"(35.35, 37.0]",2.0,19.396428571428572,1.6640000000000001,3.3280000000000003,2.0,490.61699999999996,0.6783295319974646,100.0,0.0
601,4.0-37.0,280.0,19.396428571428572,1.7522035714285713,490.61699999999996,280.0,490.61699999999996,100.0,100.0,29.0
602,5-num Summary,280.0,19.607142857142858,,,280.0,,,,
602,"(2.0, 3.75]",1.0,19.607142857142858,1.235,1.235,1.0,1.235,0.24146513614918835,0.24146513614918835,0.0
602,"(3.75, 5.5]",3.0,19.607142857142858,7.085,21.255,3.0,22.49,4.155742080041294,4.397207216190481,1.0
602,"(5.5, 7.25]",13.0,19.607142857142858,2.2217692307692305,28.883,13.0,51.373,5.647155892629155,10.044363108819637,2.0
602,"(7.25, 9.0]",10.0,19.607142857142858,3.7312,37.312,10.0,88.685,7.295179886638473,17.33954299545811,0.0
602,"(9.0, 10.75]",13.0,19.607142857142858,1.7433076923076922,22.663,13.0,111.348,4.431031887084255,21.770574882542366,0.0
602,"(10.75, 12.5]",9.0,19.607142857142858,3.203222222222222,28.829,9.0,140.177,5.636597902870405,27.40717278541277,4.0
602,"(12.5, 14.25]",30.0,19.607142857142858,2.3725666666666667,71.177,30.0,211.35399999999998,13.916408093676743,41.32358087908951,2.0
602,"(14.25, 16.0]",37.0,19.607142857142858,1.4932432432432432,55.25,37.0,266.604,10.80238766983211,52.12596854892162,2.0
602,"(16.0, 17.75]",11.0,19.607142857142858,1.6458181818181818,18.104,11.0,284.70799999999997,3.539663825785348,55.665632374706966,2.0
602,"(17.75, 19.5]",30.0,19.607142857142858,1.1655666666666666,34.967,30.0,319.67499999999995,6.836689405448314,62.50232178015528,3.0
602,"(19.5, 21.25]",17.0,19.607142857142858,1.1504705882352941,19.558,17.0,339.23299999999995,3.823947475956134,66.32626925611142,2.0
602,"(21.25, 23.0]",15.0,19.607142857142858,2.7262666666666666,40.894,15.0,380.12699999999995,7.995526540635551,74.32179579674695,4.0
602,"(23.0, 24.75]",7.0,19.607142857142858,1.7285714285714284,12.1,7.0,392.227,2.3657717792754482,76.68756757602242,2.0
602,"(24.75, 26.5]",14.0,19.607142857142858,1.9717857142857143,27.605,14.0,419.832,5.39728346833874,82.08485104436116,3.0
602,"(26.5, 28.25]",18.0,19.607142857142858,1.1591666666666667,20.865,18.0,440.697,4.079489931783655,86.16434097614481,1.0
602,"(28.25, 30.0]",11.0,19.607142857142858,1.7015454545454545,18.717,11.0,459.414,3.659516561380047,89.82385753752486,1.0
602,"(30.0, 31.75]",8.0,19.607142857142858,0.98,7.84,8.0,467.25399999999996,1.532863698307398,91.35672123583225,0.0
602,"(31.75, 33.5]",15.0,19.607142857142858,1.2174666666666667,18.262,15.0,485.51599999999996,3.5705557217461354,94.92727695757839,0.0
602,"(33.5, 35.25]",15.0,19.607142857142858,1.5010000000000001,22.515,15.0,508.03099999999995,4.402095174412126,99.32937213199051,0.0
602,"(35.25, 37.0]",2.0,19.607142857142858,1.715,3.43,2.0,511.46099999999996,0.6706278680094866,100.0,0.0
602,2.0-37.0,280.0,19.607142857142858,1.8266464285714283,511.46099999999996,280.0,511.46099999999996,100.0,100.0,29.0
604,5-num Summary,280.0,21.060714285714287,,,280.0,,,,
604,"(2.0, 3.85]",2.0,21.060714285714287,0.587,1.174,2.0,1.174,0.2580344544131804,0.2580344544131804,0.0
604,"(3.85, 5.7]",6.0,21.060714285714287,0.6761666666666667,4.057,6.0,5.231,0.8916914664005732,1.1497259208137536,0.0
604,"(5.7, 7.55]",12.0,21.060714285714287,0.78625,9.435,12.0,14.666,2.073726641727732,3.223452562541486,2.0
604,"(7.55, 9.4]",13.0,21.060714285714287,1.8225384615384617,23.693,13.0,38.359,5.2075045386809915,8.430957101222477,1.0
604,"(9.4, 11.25]",8.0,21.060714285714287,1.607125,12.857,8.0,51.216,2.8258509202642763,11.256808021486753,2.0
604,"(11.25, 13.1]",20.0,21.060714285714287,1.5335,30.67,20.0,81.886,6.740985278409066,17.997793299895818,6.0
604,"(13.1, 14.95]",13.0,21.060714285714287,1.7106923076923077,22.239,13.0,104.125,4.88792864709942,22.88572194699524,1.0
604,"(14.95, 16.8]",31.0,21.060714285714287,1.9188064516129033,59.483000000000004,31.0,163.608,13.073818953883483,35.95954090087872,1.0
604,"(16.8, 18.65]",13.0,21.060714285714287,1.1951538461538462,15.537,13.0,179.145,3.414890390304586,39.374431291183306,0.0
604,"(18.65, 20.5]",15.0,21.060714285714287,2.3034000000000003,34.551,15.0,213.69600000000003,7.593993555732366,46.96842484691568,3.0
604,"(20.5, 22.35]",11.0,21.060714285714287,2.661909090909091,29.281,11.0,242.97700000000003,6.435695791884442,53.40412063880012,3.0
604,"(22.35, 24.2]",14.0,21.060714285714287,1.9637142857142857,27.492,14.0,270.46900000000005,6.042489966547833,59.44661060534796,4.0
604,"(24.2, 26.05]",25.0,21.060714285714287,1.39124,34.781,25.0,305.25000000000006,7.644545450549257,67.09115605589722,2.0
604,"(26.05, 27.9]",14.0,21.060714285714287,1.7811428571428571,24.936,14.0,330.18600000000004,5.4807045615392385,72.57186061743646,1.0
604,"(27.9, 29.75]",24.0,21.060714285714287,1.2534583333333333,30.083,24.0,360.269,6.611968051202475,79.18382866863892,2.0
604,"(29.75, 31.6]",26.0,21.060714285714287,1.7664615384615383,45.928,26.0,406.197,10.094554022392291,89.27838269103121,1.0
604,"(31.6, 33.45]",10.0,21.060714285714287,1.4917000000000002,14.917000000000002,10.0,421.11400000000003,3.2786200651460073,92.55700275617723,0.0
604,"(33.45, 35.3]",14.0,21.060714285714287,1.0350714285714286,14.491,14.0,435.605,3.184989164311242,95.74199192048847,0.0
604,"(35.3, 37.15]",7.0,21.060714285714287,2.2688571428571427,15.882,7.0,451.487,3.490718232529924,99.23271015301839,0.0
604,"(37.15, 39.0]",1.0,21.060714285714287,3.491,3.491,1.0,454.978,0.7672898469816123,100.0,0.0
604,2.0-39.0,280.0,21.060714285714287,1.6249214285714286,454.978,280.0,454.978,100.0,100.0,29.0
608,5-num Summary,280.0,28.135714285714286,,,280.0,,,,
608,"(2.0, 4.35]",1.0,28.135714285714286,0.943,0.943,1.0,0.943,0.20443292085432582,0.20443292085432582,0.0
608,"(4.35, 6.7]",2.0,28.135714285714286,7.895,15.79,2.0,16.733,3.4231132770835684,3.6275461979378947,0.0
608,"(6.7, 9.05]",3.0,28.135714285714286,5.604,16.812,3.0,33.545,3.6446726038207067,7.272218801758601,0.0
608,"(9.05, 11.4]",4.0,28.135714285714286,4.1975,16.79,4.0,50.335,3.6399032249672647,10.912122026725866,1.0
608,"(11.4, 13.75]",1.0,28.135714285714286,0.954,0.954,1.0,51.289,0.2068176102810465,11.118939637006912,2.0
608,"(13.75, 16.1]",15.0,28.135714285714286,3.189,47.835,15.0,99.124,10.370147157016625,21.489086794023535,1.0
608,"(16.1, 18.45]",15.0,28.135714285714286,1.8138,27.207,15.0,126.33099999999999,5.898204112071732,27.38729090609527,2.0
608,"(18.45, 20.8]",19.0,28.135714285714286,2.3051578947368423,43.798,19.0,170.129,9.494966137410142,36.882257043505405,2.0
608,"(20.8, 23.15]",31.0,28.135714285714286,1.255483870967742,38.92,31.0,209.04899999999998,8.43746477163347,45.31972181513888,1.0
608,"(23.15, 25.5]",29.0,28.135714285714286,1.6138620689655172,46.802,29.0,255.85099999999997,10.146203140852766,55.46592495599164,3.0
608,"(25.5, 27.85]",38.0,28.135714285714286,1.2547368421052632,47.68,38.0,303.53099999999995,10.336544715094652,65.80246967108629,1.0
608,"(27.85, 30.2]",24.0,28.135714285714286,1.0748333333333333,25.796,24.0,329.32699999999994,5.592313495607836,71.39478316669413,5.0
608,"(30.2, 32.55]",17.0,28.135714285714286,1.7255294117647058,29.334,17.0,358.66099999999994,6.359316331220355,77.75409949791448,4.0
608,"(32.55, 34.9]",9.0,28.135714285714286,1.7536666666666667,15.783000000000001,9.0,374.44399999999996,3.421595747448383,81.17569524536286,1.0
608,"(34.9, 37.25]",9.0,28.135714285714286,1.6631111111111112,14.968,9.0,389.412,3.24491193992317,84.42060718528603,2.0
608,"(37.25, 39.6]",8.0,28.135714285714286,0.948875,7.591,8.0,397.003,1.6456524943851407,86.06625967967118,2.0
608,"(39.6, 41.95]",12.0,28.135714285714286,1.1198333333333335,13.438,12.0,410.441,2.9132233196611144,88.97948299933229,2.0
608,"(41.95, 44.3]",16.0,28.135714285714286,1.0064375,16.103,16.0,426.544,3.4909685307711658,92.47045153010346,0.0
608,"(44.3, 46.65]",20.0,28.135714285714286,1.3772,27.544,20.0,454.08799999999997,5.9712623245085386,98.44171385461199,0.0
608,"(46.65, 49.0]",6.0,28.135714285714286,1.1980000000000002,7.188000000000001,6.0,461.27599999999995,1.5582861453880108,100.0,0.0
608,2.0-49.0,280.0,28.135714285714286,1.6474142857142855,461.27599999999995,280.0,461.27599999999995,100.0,100.0,29.0
1002,5-num Summary,280.0,17.603571428571428,,,280.0,,,,
1002,"(2.0, 4.1]",8.0,17.603571428571428,0.5313749999999999,4.2509999999999994,8.0,4.2509999999999994,0.9908790642707794,0.9908790642707794,0.0
1002,"(4.1, 6.2]",4.0,17.603571428571428,0.49325,1.973,4.0,6.223999999999999,0.45989282376058527,1.4507718880313647,2.0
1002,"(6.2, 8.3]",19.0,17.603571428571428,1.2415789473684211,23.59,19.0,29.814,5.498667872535331,6.949439760566696,2.0
1002,"(8.3, 10.4]",25.0,17.603571428571428,1.16312,29.078,25.0,58.891999999999996,6.777883187688951,13.727322948255646,7.0
1002,"(10.4, 12.5]",34.0,17.603571428571428,1.6715,56.831,34.0,115.723,13.246917925564027,26.97424087381967,5.0
1002,"(12.5, 14.6]",32.0,17.603571428571428,1.309625,41.908,32.0,157.631,9.768468554565946,36.742709428385616,3.0
1002,"(14.6, 16.7]",29.0,17.603571428571428,1.4099310344827585,40.888,29.0,198.519,9.530713521501678,46.2734229498873,1.0
1002,"(16.7, 18.8]",29.0,17.603571428571428,1.7401379310344827,50.464,29.0,248.983,11.762813714269729,58.03623666415702,3.0
1002,"(18.8, 20.9]",21.0,17.603571428571428,1.466,30.786,21.0,279.769,7.176006321486761,65.21224298564378,1.0
1002,"(20.9, 23.0]",19.0,17.603571428571428,2.2453684210526315,42.662,19.0,322.431,9.944220804497766,75.15646379014154,0.0
1002,"(23.0, 25.1]",8.0,17.603571428571428,1.2425,9.94,8.0,332.371,2.31694610652824,77.47340989666979,1.0
1002,"(25.1, 27.2]",8.0,17.603571428571428,3.697,29.576,8.0,361.947,6.893963586185034,84.36737348285483,0.0
1002,"(27.2, 29.3]",6.0,17.603571428571428,2.672,16.032,6.0,377.979,3.7369496961630526,88.10432317901787,1.0
1002,"(29.3, 31.4]",12.0,17.603571428571428,1.6199166666666667,19.439,12.0,397.418,4.531098125231637,92.63542130424952,1.0
1002,"(31.4, 33.5]",2.0,17.603571428571428,1.2349999999999999,2.4699999999999998,2.0,399.88800000000003,0.5757401290869972,93.21116143333651,0.0
1002,"(33.5, 35.6]",2.0,17.603571428571428,1.9515,3.903,2.0,403.79100000000005,0.9097626412253241,94.12092407456186,0.0
1002,"(35.6, 37.7]",1.0,17.603571428571428,0.983,0.983,1.0,404.77400000000006,0.22913058578644466,94.35005466034829,2.0
1002,"(37.7, 39.8]",6.0,17.603571428571428,1.6708333333333334,10.025,6.0,414.79900000000004,2.3367590259502626,96.68681368629855,0.0
1002,"(39.8, 41.9]",7.0,17.603571428571428,0.7837142857142857,5.486,7.0,420.285,1.2787491288142783,97.96556281511283,0.0
1002,"(41.9, 44.0]",6.0,17.603571428571428,1.4546666666666666,8.728,6.0,429.01300000000003,2.034437184887171,100.0,0.0
1002,2.0-44.0,280.0,17.603571428571428,1.5321892857142858,429.01300000000003,280.0,429.01300000000003,100.0,100.0,29.0
1101,5-num Summary,280.0,18.99642857142857,,,280.0,,,,
1101,"(4.0, 5.7]",1.0,18.99642857142857,0.86,0.86,1.0,0.86,0.1801330051840603,0.1801330051840603,1.0
1101,"(5.7, 7.4]",11.0,18.99642857142857,2.792818181818182,30.721,11.0,31.581,6.4347279677436235,6.614860972927684,1.0
1101,"(7.4, 9.1]",10.0,18.99642857142857,2.4123,24.123,10.0,55.704,5.052730795412892,11.667591768340577,2.0
1101,"(9.1, 10.8]",7.0,18.99642857142857,2.8898571428571427,20.229,7.0,75.93299999999999,4.237105304498089,15.904697072838664,1.0
1101,"(10.8, 12.5]",26.0,18.99642857142857,2.3310769230769233,60.608000000000004,26.0,136.541,12.694768811855267,28.59946588469393,2.0
1101,"(12.5, 14.2]",26.0,18.99642857142857,1.7105769230769232,44.475,26.0,181.016,9.315599308791956,37.91506519348589,2.0
1101,"(14.2, 15.9]",8.0,18.99642857142857,1.417875,11.343,8.0,192.35899999999998,2.3758705555846467,40.29093574907053,2.0
1101,"(15.9, 17.6]",25.0,18.99642857142857,1.22592,30.648,25.0,223.00699999999998,6.419437608001257,46.71037335707178,3.0
1101,"(17.6, 19.3]",29.0,18.99642857142857,1.286344827586207,37.304,29.0,260.311,7.813583285332775,54.523956642404556,3.0
1101,"(19.3, 21.0]",36.0,18.99642857142857,1.5161944444444444,54.583,36.0,314.894,11.432790490652982,65.95674713305755,2.0
1101,"(21.0, 22.7]",19.0,18.99642857142857,1.9742105263157894,37.51,19.0,352.404,7.85673142378384,73.81347855684139,3.0
1101,"(22.7, 24.4]",33.0,18.99642857142857,1.6009090909090908,52.83,33.0,405.234,11.065612399853379,84.87909095669475,2.0
1101,"(24.4, 26.1]",18.0,18.99642857142857,1.806166666666667,32.511,18.0,437.745,6.809655966905797,91.68874692360056,1.0
1101,"(26.1, 27.8]",1.0,18.99642857142857,0.587,0.587,1.0,438.332,0.12295124888725976,91.81169817248782,0.0
1101,"(27.8, 29.5]",4.0,18.99642857142857,1.2570000000000001,5.0280000000000005,4.0,443.36,1.0531497093784365,92.86484788186627,1.0
1101,"(29.5, 31.2]",5.0,18.99642857142857,1.5024,7.512,5.0,450.872,1.5734408545844896,94.43828873645074,2.0
1101,"(31.2, 32.9]",4.0,18.99642857142857,0.82975,3.319,4.0,454.19100000000003,0.6951877258208095,95.13347646227156,0.0
1101,"(32.9, 34.6]",3.0,18.99642857142857,2.5806666666666667,7.742,3.0,461.93300000000005,1.6216159606220872,96.75509242289365,0.0
1101,"(34.6, 36.3]",10.0,18.99642857142857,1.1991,11.991,10.0,473.92400000000004,2.511598680421008,99.26669110331467,0.0
1101,"(36.3, 38.0]",3.0,18.99642857142857,1.167,3.501,3.0,477.425,0.7333088966853432,100.0,0.0
1101,4.0-38.0,280.0,18.99642857142857,1.7050892857142859,477.425,280.0,477.425,100.0,100.0,29.0
1141,5-num Summary,280.0,17.57857142857143,,,280.0,,,,
1141,"(3.0, 4.5]",2.0,17.57857142857143,3.0105000000000004,6.021000000000001,2.0,6.021000000000001,1.207775014041563,1.207775014041563,1.0
1141,"(4.5, 6.0]",6.0,17.57857142857143,1.6641666666666666,9.985,6.0,16.006,2.0029286688598247,3.2107036829013875,2.0
1141,"(6.0, 7.5]",7.0,17.57857142857143,2.589428571428571,18.125999999999998,7.0,34.132,3.6359624488485913,6.846666131749979,2.0
1141,"(7.5, 9.0]",30.0,17.57857142857143,2.3899666666666666,71.699,30.0,105.83099999999999,14.38237182058894,21.22903795233892,1.0
1141,"(9.0, 10.5]",6.0,17.57857142857143,3.2215000000000003,19.329,6.0,125.16,3.8772767391478773,25.106314691486798,0.0
1141,"(10.5, 12.0]",18.0,17.57857142857143,1.9783888888888892,35.611000000000004,18.0,160.77100000000002,7.143344299125412,32.24965899061221,3.0
1141,"(12.0, 13.5]",15.0,17.57857142857143,1.6899333333333333,25.349,15.0,186.12,5.084851159431918,37.33451015004413,2.0
1141,"(13.5, 15.0]",30.0,17.57857142857143,1.4821333333333333,44.464,30.0,230.584,8.919200834470029,46.25371098451416,2.0
1141,"(15.0, 16.5]",16.0,17.57857142857143,2.5485625,40.777,16.0,271.361,8.179611650485437,54.43332263499959,1.0
1141,"(16.5, 18.0]",30.0,17.57857142857143,1.9183999999999999,57.552,30.0,328.913,11.544571932921446,65.97789456792104,1.0
1141,"(18.0, 19.5]",12.0,17.57857142857143,1.1491666666666667,13.790000000000001,12.0,342.70300000000003,2.766187916232047,68.7440824841531,2.0
1141,"(19.5, 21.0]",24.0,17.57857142857143,1.4860416666666667,35.665,24.0,378.36800000000005,7.154176362031612,75.8982588461847,6.0
1141,"(21.0, 22.5]",12.0,17.57857142857143,1.7150833333333333,20.581,12.0,398.94900000000007,4.128420123565754,80.02667896975046,1.0
1141,"(22.5, 24.0]",12.0,17.57857142857143,1.2955,15.546000000000001,12.0,414.49500000000006,3.118430554441146,83.14510952419162,3.0
1141,"(24.0, 25.5]",7.0,17.57857142857143,0.853,5.971,7.0,420.46600000000007,1.1977453261654496,84.34285485035706,0.0
1141,"(25.5, 27.0]",24.0,17.57857142857143,1.2690416666666666,30.457,24.0,450.92300000000006,6.109484072855652,90.45233892321272,2.0
1141,"(27.0, 28.5]",13.0,17.57857142857143,2.177153846153846,28.303,13.0,479.22600000000006,5.6774051191526915,96.1297440423654,0.0
1141,"(28.5, 30.0]",9.0,17.57857142857143,1.0342222222222222,9.308,9.0,488.53400000000005,1.867126695017251,97.99687073738266,0.0
1141,"(30.0, 31.5]",3.0,17.57857142857143,2.0686666666666667,6.2059999999999995,3.0,494.74000000000007,1.244884859183182,99.24175559656584,0.0
1141,"(31.5, 33.0]",3.0,17.57857142857143,1.26,3.78,3.0,498.52000000000004,0.758244403434165,100.0,0.0
1141,3.0-33.0,280.0,17.57857142857143,1.7804285714285715,498.52000000000004,280.0,498.52000000000004,100.0,100.0,29.0
1301,5-num Summary,280.0,24.767857142857142,,,280.0,,,,
1301,"(3.0, 5.6]",8.0,24.767857142857142,2.2795,18.236,8.0,18.236,4.80898295653825,4.80898295653825,0.0
1301,"(5.6, 8.2]",11.0,24.767857142857142,2.341727272727273,25.759,11.0,43.995000000000005,6.792859836448168,11.601842792986417,2.0
1301,"(8.2, 10.8]",8.0,24.767857142857142,2.261125,18.089,8.0,62.084,4.770217849354046,16.372060642340465,0.0
1301,"(10.8, 13.4]",11.0,24.767857142857142,1.4332727272727273,15.766,11.0,77.85000000000001,4.157623672558787,20.529684314899253,1.0
1301,"(13.4, 16.0]",23.0,24.767857142857142,1.1865652173913044,27.291,23.0,105.141,7.196860817442715,27.72654513234197,2.0
1301,"(16.0, 18.6]",24.0,24.767857142857142,1.141375,27.393,24.0,132.534,7.223759055080735,34.950304187422695,2.0
1301,"(18.6, 21.2]",31.0,24.767857142857142,0.9506774193548387,29.471,31.0,162.005,7.771744719902323,42.722048907325025,7.0
1301,"(21.2, 23.8]",32.0,24.767857142857142,1.28965625,41.269,32.0,203.274,10.882974206699771,53.605023114024796,2.0
1301,"(23.8, 26.4]",32.0,24.767857142857142,1.02121875,32.679,32.0,235.953,8.617720664439211,62.22274377846401,3.0
1301,"(26.4, 29.0]",12.0,24.767857142857142,1.7259166666666665,20.711,12.0,256.664,5.461660781578399,67.6844045600424,2.0
1301,"(29.0, 31.6]",17.0,24.767857142857142,1.0421176470588236,17.716,17.0,274.38,4.671854686226784,72.35625924626919,1.0
1301,"(31.6, 34.2]",11.0,24.767857142857142,1.8678181818181818,20.546,11.0,294.926,5.418148926575722,77.77440817284491,0.0
1301,"(34.2, 36.8]",7.0,24.767857142857142,0.832,5.824,7.0,300.75,1.5358366274884165,79.31024480033332,1.0
1301,"(36.8, 39.4]",12.0,24.767857142857142,2.7104166666666667,32.525,12.0,333.275,8.577109599770045,87.88735440010336,0.0
1301,"(39.4, 42.0]",14.0,24.767857142857142,1.4066428571428573,19.693,14.0,352.96799999999996,5.193205821622492,93.08056022172586,2.0
1301,"(42.0, 44.6]",2.0,24.767857142857142,1.0025,2.005,2.0,354.97299999999996,0.5287349653355555,93.60929518706142,0.0
1301,"(44.6, 47.2]",3.0,24.767857142857142,1.3626666666666665,4.087999999999999,3.0,359.061,1.0780391712178305,94.68733435827926,0.0
1301,"(47.2, 49.8]",5.0,24.767857142857142,1.3714,6.857,5.0,365.918,1.808247210626386,96.49558156890564,2.0
1301,"(49.8, 52.4]",8.0,24.767857142857142,0.734625,5.877,8.0,371.795,1.5498131627317007,98.04539473163734,0.0
1301,"(52.4, 55.0]",6.0,24.767857142857142,1.2353333333333334,7.412,6.0,379.207,1.9546052683626622,100.0,0.0
1301,3.0-55.0,280.0,24.767857142857142,1.3543107142857143,379.207,280.0,379.207,100.0,100.0,29.0
1314,5-num Summary,280.0,20.20357142857143,,,280.0,,,,
1314,"(3.0, 5.2]",2.0,20.20357142857143,2.9175,5.835,2.0,5.835,1.4031805425631427,1.4031805425631427,1.0
1314,"(5.2, 7.4]",3.0,20.20357142857143,1.875,5.625,3.0,11.46,1.3526804716225669,2.75586101418571,2.0
1314,"(7.4, 9.6]",15.0,20.20357142857143,1.6347999999999998,24.522,15.0,35.982,5.896965426689526,8.652826440875236,4.0
1314,"(9.6, 11.8]",18.0,20.20357142857143,1.1946666666666668,21.504,18.0,57.486000000000004,5.171207264314965,13.824033705190203,1.0
1314,"(11.8, 14.0]",51.0,20.20357142857143,1.4811764705882353,75.54,51.0,133.026,18.165596946909993,31.989630652100193,3.0
1314,"(14.0, 16.2]",33.0,20.20357142857143,1.4143333333333334,46.673,33.0,179.699,11.223761004807123,43.21339165690732,7.0
1314,"(16.2, 18.4]",36.0,20.20357142857143,1.656,59.616,36.0,239.315,14.336248710444613,57.54964036735193,1.0
1314,"(18.4, 20.6]",18.0,20.20357142857143,1.0406666666666666,18.732,18.0,258.047,4.5046063278993635,62.0542466952513,2.0
1314,"(20.6, 22.8]",15.0,20.20357142857143,1.6794000000000002,25.191000000000003,15.0,283.23800000000006,6.057844224114504,68.11209091936581,0.0
1314,"(22.8, 25.0]",16.0,20.20357142857143,0.9051875,14.483,16.0,297.72100000000006,3.4828215592017133,71.59491247856752,3.0
1314,"(25.0, 27.2]",10.0,20.20357142857143,1.8562999999999998,18.563,10.0,316.28400000000005,4.463965794618615,76.05887827318614,1.0
1314,"(27.2, 29.4]",7.0,20.20357142857143,2.1315714285714287,14.921,7.0,331.20500000000004,3.5881502785920567,79.64702855177819,0.0
1314,"(29.4, 31.6]",11.0,20.20357142857143,2.0015454545454543,22.017,11.0,353.22200000000004,5.294571723326943,84.94160027510513,0.0
1314,"(31.6, 33.8]",7.0,20.20357142857143,2.476142857142857,17.333,7.0,370.55500000000006,4.168179664823813,89.10977993992896,0.0
1314,"(33.8, 36.0]",9.0,20.20357142857143,1.435888888888889,12.923,9.0,383.47800000000007,3.107678175071721,92.21745811500067,2.0
1314,"(36.0, 38.2]",6.0,20.20357142857143,1.5828333333333333,9.497,6.0,392.9750000000001,2.28380558915547,94.50126370415614,0.0
1314,"(40.4, 42.6]",7.0,20.20357142857143,1.3872857142857142,9.711,7.0,402.6860000000001,2.3352675662091995,96.83653127036534,0.0
1314,"(42.6, 44.8]",7.0,20.20357142857143,0.7227142857142858,5.059,7.0,407.7450000000001,1.2165707566113007,98.05310202697666,0.0
1314,"(44.8, 47.0]",6.0,20.20357142857143,1.3493333333333333,8.096,6.0,415.8410000000001,1.9468979730233427,100.0,0.0
1314,3.0-47.0,280.0,20.20357142857143,1.485146428571429,415.8410000000001,280.0,415.8410000000001,100.0,100.0,29.0
1319,5-num Summary,280.0,24.117857142857144,,,280.0,,,,
1319,"(2.0, 4.25]",4.0,24.117857142857144,3.082,12.328,4.0,12.328,2.8042655408356385,2.8042655408356385,0.0
1319,"(4.25, 6.5]",3.0,24.117857142857144,2.0879999999999996,6.263999999999999,3.0,18.592,1.424879895181249,4.229145436016887,0.0
1319,"(6.5, 8.75]",4.0,24.117857142857144,2.70175,10.807,4.0,29.399,2.4582817731838698,6.687427209200758,0.0
1319,"(8.75, 11.0]",6.0,24.117857142857144,3.2436666666666665,19.462,6.0,48.861000000000004,4.427045421458728,11.114472630659487,2.0
1319,"(11.0, 13.25]",7.0,24.117857142857144,1.3084285714285713,9.158999999999999,7.0,58.02,2.0834091570825444,13.19788178774203,1.0
1319,"(13.25, 15.5]",9.0,24.117857142857144,1.7926666666666666,16.134,9.0,74.154,3.6700211093317807,16.86790289707381,6.0
1319,"(15.5, 17.75]",20.0,24.117857142857144,2.0498000000000003,40.996,20.0,115.15,9.325411268015724,26.193314165089536,1.0
1319,"(17.75, 20.0]",40.0,24.117857142857144,1.46865,58.746,40.0,173.89600000000002,13.363025913524531,39.55634007861406,2.0
1319,"(20.0, 22.25]",42.0,24.117857142857144,1.6106904761904761,67.649,42.0,241.54500000000002,15.388202431212694,54.94454250982677,2.0
1319,"(22.25, 24.5]",33.0,24.117857142857144,1.1409090909090909,37.65,33.0,279.195,8.564292473431358,63.508834983258126,2.0
1319,"(24.5, 26.75]",15.0,24.117857142857144,0.7118666666666668,10.678,15.0,289.873,2.4289379822390456,65.93777296549716,6.0
1319,"(26.75, 29.0]",28.0,24.117857142857144,1.103,30.884,28.0,320.757,7.025222011937691,72.96299497743486,3.0
1319,"(29.0, 31.25]",16.0,24.117857142857144,2.2564375,36.103,16.0,356.86,8.212394453341098,81.17538943077595,0.0
1319,"(31.25, 33.5]",13.0,24.117857142857144,1.6984615384615382,22.08,13.0,378.94,5.022565147765323,86.19795457854127,0.0
1319,"(33.5, 35.75]",11.0,24.117857142857144,2.3345454545454545,25.68,11.0,404.62,5.841461639248799,92.03941621779008,1.0
1319,"(35.75, 38.0]",3.0,24.117857142857144,1.4509999999999998,4.353,3.0,408.973,0.9901823409521036,93.02959855874218,1.0
1319,"(38.0, 40.25]",5.0,24.117857142857144,1.3134000000000001,6.567,5.0,415.54,1.4938036832144417,94.52340224195662,2.0
1319,"(40.25, 42.5]",6.0,24.117857142857144,1.5569999999999997,9.341999999999999,6.0,424.882,2.125036395399621,96.64843863735624,0.0
1319,"(42.5, 44.75]",8.0,24.117857142857144,0.775,6.2,8.0,431.082,1.410321735332654,98.0587603726889,0.0
1319,"(44.75, 47.0]",6.0,24.117857142857144,1.4223333333333332,8.533999999999999,6.0,439.616,1.9412396273111077,100.0,0.0
1319,2.0-47.0,280.0,24.117857142857144,1.5700571428571428,439.616,280.0,439.616,100.0,100.0,29.0
1343,5-num Summary,280.0,23.22142857142857,,,280.0,,,,
1343,"(4.0, 6.45]",6.0,23.22142857142857,2.3921666666666668,14.353,6.0,14.353,3.9202672325966947,3.9202672325966947,2.0
1343,"(6.45, 8.9]",12.0,23.22142857142857,1.9578333333333333,23.494,12.0,37.847,6.416969160637271,10.337236393233967,0.0
1343,"(8.9, 11.35]",15.0,23.22142857142857,1.7713333333333334,26.57,15.0,64.417,7.25712397199848,17.594360365232447,1.0
1343,"(11.35, 13.8]",15.0,23.22142857142857,0.8297333333333333,12.446,15.0,76.863,3.3994040254231495,20.9937643906556,0.0
1343,"(13.8, 16.25]",33.0,23.22142857142857,1.3052121212121213,43.072,33.0,119.935,11.764352417083876,32.758116807739476,4.0
1343,"(16.25, 18.7]",26.0,23.22142857142857,1.1068076923076924,28.777,26.0,148.712,7.859926855182548,40.61804366292201,1.0
1343,"(18.7, 21.15]",41.0,23.22142857142857,1.1859268292682925,48.623,41.0,197.33499999999998,13.280509555531882,53.89855321845389,8.0
1343,"(21.15, 23.6]",24.0,23.22142857142857,1.0613333333333332,25.471999999999998,24.0,222.807,6.957224757799972,60.85577797625387,3.0
1343,"(23.6, 26.05]",17.0,23.22142857142857,1.3155294117647058,22.364,17.0,245.171,6.108329714330975,66.96410769058485,2.0
1343,"(26.05, 28.5]",14.0,23.22142857142857,1.2321428571428572,17.25,14.0,262.421,4.71153137060496,71.67563906118981,0.0
1343,"(28.5, 30.95]",9.0,23.22142857142857,1.4665555555555556,13.199,9.0,275.62,3.6050726122095575,75.28071167339937,1.0
1343,"(30.95, 33.4]",11.0,23.22142857142857,1.1576363636363636,12.734,11.0,288.354,3.47806611439325,78.75877778779261,1.0
1343,"(33.4, 35.85]",9.0,23.22142857142857,1.9977777777777779,17.98,9.0,306.334,4.9109179155638945,83.66969570335652,0.0
1343,"(35.85, 38.3]",9.0,23.22142857142857,2.190444444444444,19.714,9.0,326.048,5.384529242904706,89.05422494626121,1.0
1343,"(38.3, 40.75]",12.0,23.22142857142857,1.2279166666666668,14.735000000000001,12.0,340.783,4.024603753383425,93.07882869964465,1.0
1343,"(40.75, 43.2]",3.0,23.22142857142857,1.5733333333333333,4.72,3.0,345.50300000000004,1.2891842358988643,94.36801293554352,0.0
1343,"(43.2, 45.65]",2.0,23.22142857142857,0.58,1.16,2.0,346.66300000000007,0.31683341390734804,94.68484634945086,0.0
1343,"(45.65, 48.1]",6.0,23.22142857142857,1.3113333333333335,7.868,6.0,354.53100000000006,2.1490045695025985,96.83385091895347,2.0
1343,"(48.1, 50.55]",7.0,23.22142857142857,0.635,4.445,7.0,358.97600000000006,1.2140728662225535,98.04792378517602,0.0
1343,"(50.55, 53.0]",6.0,23.22142857142857,1.1911666666666667,7.147,6.0,366.12300000000005,1.9520762148239796,100.0,0.0
1343,4.0-53.0,280.0,23.22142857142857,1.307582142857143,366.12300000000005,280.0,366.12300000000005,100.0,100.0,29.0
1380,5-num Summary,280.0,25.6,,,280.0,,,,
1380,"(3.0, 5.65]",7.0,25.6,2.637285714285714,18.461,7.0,18.461,5.2876091620194945,5.2876091620194945,1.0
1380,"(5.65, 8.3]",16.0,25.6,1.7457500000000001,27.932000000000002,16.0,46.393,8.000297877337552,13.287907039357044,0.0
1380,"(8.3, 10.95]",6.0,25.6,2.1203333333333334,12.722000000000001,6.0,59.115,3.6438418156769417,16.931748855033987,2.0
1380,"(10.95, 13.6]",9.0,25.6,1.2658888888888888,11.392999999999999,9.0,70.508,3.2631889487507775,20.19493780378476,1.0
1380,"(13.6, 16.25]",19.0,25.6,0.775578947368421,14.735999999999999,19.0,85.244,4.220692736662112,24.415630540446877,1.0
1380,"(16.25, 18.9]",21.0,25.6,1.4513809523809524,30.479,21.0,115.723,8.729810933816811,33.145441474263684,2.0
1380,"(18.9, 21.55]",32.0,25.6,0.7935625000000001,25.394000000000002,32.0,141.117,7.27336260551016,40.41880407977384,2.0
1380,"(21.55, 24.2]",40.0,25.6,1.120475,44.819,40.0,185.93599999999998,12.837081145796638,53.25588522557047,8.0
1380,"(24.2, 26.85]",24.0,25.6,1.0225416666666667,24.541,24.0,210.47699999999998,7.029045904616241,60.28493113018673,3.0
1380,"(26.85, 29.5]",17.0,25.6,1.2690000000000001,21.573,17.0,232.04999999999998,6.1789498105328295,66.46388094071955,2.0
1380,"(29.5, 32.15]",20.0,25.6,0.9661500000000001,19.323,20.0,251.373,5.534503647565284,71.99838458828484,1.0
1380,"(32.15, 34.8]",5.0,25.6,2.2264,11.132,5.0,262.505,3.188433193846542,75.18681778213137,0.0
1380,"(34.8, 37.45]",13.0,25.6,1.0242307692307693,13.315,13.0,275.82,3.8136891821834986,79.00050696431488,1.0
1380,"(37.45, 40.1]",12.0,25.6,2.5298333333333334,30.358,12.0,306.178,8.695154051275003,87.69566101558989,0.0
1380,"(40.1, 42.75]",4.0,25.6,1.21775,4.871,4.0,311.049,1.395154337695518,89.0908153532854,1.0
1380,"(42.75, 45.4]",12.0,25.6,1.2751666666666666,15.302,12.0,326.351,4.382806749213061,93.47362210249847,1.0
1380,"(45.4, 48.05]",3.0,25.6,1.2813333333333334,3.8440000000000003,3.0,330.195,1.1010004668654427,94.5746225693639,0.0
1380,"(48.05, 50.7]",5.0,25.6,1.2958,6.479,5.0,336.674,1.8557185288296574,96.43034109819355,2.0
1380,"(50.7, 53.35]",8.0,25.6,0.687625,5.501,8.0,342.17499999999995,1.5755992633264309,98.00594036151999,0.0
1380,"(53.35, 56.0]",6.0,25.6,1.1603333333333332,6.962,6.0,349.13699999999994,1.9940596384800238,100.0,0.0
1380,3.0-56.0,280.0,25.6,1.246917857142857,349.13699999999994,280.0,349.13699999999994,100.0,100.0,29.0
1604,5-num Summary,280.0,27.303571428571427,,,280.0,,,,
1604,"(4.0, 6.25]",1.0,27.303571428571427,0.901,0.901,1.0,0.901,0.1976418974499589,0.1976418974499589,0.0
1604,"(6.25, 8.5]",3.0,27.303571428571427,4.120666666666667,12.362,3.0,13.263,2.711708253358925,2.909350150808884,1.0
1604,"(8.5, 10.75]",7.0,27.303571428571427,3.9182857142857146,27.428,7.0,40.691,6.016561557444476,8.92591170825336,1.0
1604,"(10.75, 13.0]",16.0,27.303571428571427,3.3674375,53.879,16.0,94.57,11.818809980806142,20.7447216890595,2.0
1604,"(13.0, 15.25]",16.0,27.303571428571427,1.4673749999999999,23.477999999999998,16.0,118.04799999999999,5.1500959692898265,25.89481765834932,2.0
1604,"(15.25, 17.5]",10.0,27.303571428571427,1.4913,14.913,10.0,132.96099999999998,3.271291472443104,29.166109130792428,0.0
1604,"(17.5, 19.75]",11.0,27.303571428571427,3.674909090909091,40.424,11.0,173.385,8.86734302166164,38.033452152454075,1.0
1604,"(19.75, 22.0]",27.0,27.303571428571427,2.3984074074074075,64.757,27.0,238.142,14.204990403071019,52.23844255552509,4.0
1604,"(22.0, 24.25]",18.0,27.303571428571427,1.2731666666666668,22.917,18.0,261.05899999999997,5.0270359199341925,57.265478475459275,1.0
1604,"(24.25, 26.5]",20.0,27.303571428571427,0.9774499999999999,19.549,20.0,280.60799999999995,4.288236907046888,61.553715382506155,3.0
1604,"(26.5, 28.75]",41.0,27.303571428571427,1.3840243902439024,56.745,41.0,337.35299999999995,12.447491088565945,74.0012064710721,1.0
1604,"(28.75, 31.0]",38.0,27.303571428571427,1.1012631578947367,41.848,38.0,379.20099999999996,9.179709350150809,83.18091582122291,2.0
1604,"(31.0, 33.25]",5.0,27.303571428571427,1.381,6.905,5.0,386.10599999999994,1.5146695914450234,84.69558541266792,4.0
1604,"(33.25, 35.5]",4.0,27.303571428571427,1.00125,4.005,4.0,390.11099999999993,0.8785302988757883,85.57411571154373,3.0
1604,"(35.5, 37.75]",11.0,27.303571428571427,0.9655454545454546,10.621,11.0,400.7319999999999,2.329805319440636,87.90392103098435,0.0
1604,"(37.75, 40.0]",7.0,27.303571428571427,0.8314285714285715,5.82,7.0,406.5519999999999,1.2766657526734302,89.18058678365777,2.0
1604,"(40.0, 42.25]",7.0,27.303571428571427,1.1231428571428572,7.862,7.0,414.41399999999993,1.724595557992871,90.90518234165066,1.0
1604,"(42.25, 44.5]",5.0,27.303571428571427,1.27,6.35,5.0,420.76399999999995,1.3929256923498765,92.29810803400053,1.0
1604,"(44.5, 46.75]",12.0,27.303571428571427,0.6175,7.41,12.0,428.174,1.6254455717027696,93.92355360570332,0.0
1604,"(46.75, 49.0]",20.0,27.303571428571427,1.3850500000000001,27.701,20.0,455.875,6.076446394296682,100.0,0.0
1604,4.0-49.0,280.0,27.303571428571427,1.628125,455.875,280.0,455.875,100.0,100.0,29.0
1623,5-num Summary,280.0,32.917857142857144,,,280.0,,,,
1623,"(6.55, 9.1]",5.0,32.917857142857144,3.0016000000000003,15.008000000000001,5.0,15.008000000000001,3.6363900687395962,3.6363900687395962,1.0
1623,"(9.1, 11.65]",2.0,32.917857142857144,1.055,2.11,2.0,17.118000000000002,0.5112462050266889,4.1476362737662855,0.0
1623,"(11.65, 14.2]",4.0,32.917857142857144,2.467,9.868,4.0,26.986000000000004,2.3909846214233967,6.538620895189682,0.0
1623,"(14.2, 16.75]",5.0,32.917857142857144,2.7702,13.851,5.0,40.837,3.3560526947036347,9.894673589893317,1.0
1623,"(16.75, 19.3]",13.0,32.917857142857144,3.405615384615385,44.273,13.0,85.11000000000001,10.727205324714028,20.621878914607347,2.0
1623,"(19.3, 21.85]",12.0,32.917857142857144,1.4216666666666666,17.06,12.0,102.17000000000002,4.133583060547542,24.755461975154887,2.0
1623,"(21.85, 24.4]",14.0,32.917857142857144,2.2759285714285715,31.863,14.0,134.03300000000002,7.72030228946227,32.475764264617155,0.0
1623,"(24.4, 26.95]",15.0,32.917857142857144,2.360266666666667,35.404,15.0,169.437,8.5782751861445,41.05403945076166,2.0
1623,"(26.95, 29.5]",25.0,32.917857142857144,1.7954400000000001,44.886,25.0,214.323,10.875733250629366,51.929772701391016,3.0
1623,"(29.5, 32.05]",32.0,32.917857142857144,1.08928125,34.857,32.0,249.18,8.445738847684975,60.375511549076,4.0
1623,"(32.05, 34.6]",41.0,32.917857142857144,1.2835853658536585,52.626999999999995,41.0,301.807,12.751352621772302,73.12686417084831,1.0
1623,"(34.6, 37.15]",38.0,32.917857142857144,1.0205,38.778999999999996,38.0,340.586,9.396026817407568,82.52289098825587,2.0
1623,"(37.15, 39.7]",5.0,32.917857142857144,1.2974,6.487,5.0,347.07300000000004,1.5717792094825267,84.0946701977384,4.0
1623,"(39.7, 42.25]",7.0,32.917857142857144,0.9634285714285714,6.744,7.0,353.817,1.6340494818483364,85.72871967958673,3.0
1623,"(42.25, 44.8]",10.0,32.917857142857144,0.7778,7.7780000000000005,10.0,361.595,1.8845843519893775,87.6133040315761,0.0
1623,"(44.8, 47.35]",8.0,32.917857142857144,0.8486250000000001,6.789000000000001,8.0,368.384,1.6449528369318442,89.25825686850796,2.0
1623,"(47.35, 49.9]",7.0,32.917857142857144,1.0468571428571427,7.327999999999999,7.0,375.712,1.7755508011543015,91.03380766966225,2.0
1623,"(49.9, 52.45]",14.0,32.917857142857144,0.7648571428571429,10.708,14.0,386.42,2.594513916315538,93.62832158597779,0.0
1623,"(52.45, 55.0]",20.0,32.917857142857144,1.31485,26.297,20.0,412.71700000000004,6.371678414022199,100.0,0.0
1623,4.0-55.0,280.0,32.917857142857144,1.4739892857142858,412.71700000000004,280.0,412.71700000000004,100.0,100.0,29.0
1649,5-num Summary,280.0,21.610714285714284,,,280.0,,,,
1649,"(2.0, 3.8]",2.0,21.610714285714284,1.396,2.792,2.0,2.792,0.6266595142490972,0.6266595142490972,0.0
1649,"(5.6, 7.4]",5.0,21.610714285714284,2.3497999999999997,11.748999999999999,5.0,14.540999999999999,2.637042490298224,3.263702004547321,0.0
1649,"(7.4, 9.2]",10.0,21.610714285714284,4.2582,42.582,10.0,57.123,9.55745538529909,12.82115738984641,1.0
1649,"(9.2, 11.0]",11.0,21.610714285714284,2.6774545454545455,29.452,11.0,86.575,6.610449861627654,19.431607251474066,3.0
1649,"(11.0, 12.8]",2.0,21.610714285714284,0.6779999999999999,1.3559999999999999,2.0,87.931,0.30435182712097986,19.735959078595045,0.0
1649,"(12.8, 14.6]",18.0,21.610714285714284,2.0042222222222223,36.076,18.0,124.007,8.097195070218635,27.833154148813684,4.0
1649,"(14.6, 16.4]",21.0,21.610714285714284,1.7109999999999999,35.931,21.0,159.938,8.064650073955699,35.89780422276937,2.0
1649,"(16.4, 18.2]",25.0,21.610714285714284,2.15148,53.787,25.0,213.725,12.072398027548777,47.97020225031815,3.0
1649,"(18.2, 20.0]",28.0,21.610714285714284,1.8245,51.086,28.0,264.811,11.4661633040578,59.43636555437596,1.0
1649,"(20.0, 21.8]",28.0,21.610714285714284,1.0755714285714286,30.116,28.0,294.92699999999996,6.759483499686896,66.19584905406285,1.0
1649,"(21.8, 23.6]",23.0,21.610714285714284,2.049782608695652,47.144999999999996,23.0,342.07199999999995,10.58161275045619,76.77746180451904,4.0
1649,"(23.6, 25.4]",23.0,21.610714285714284,0.9936956521739131,22.855,23.0,364.92699999999996,5.129764755789082,81.90722656030812,1.0
1649,"(25.4, 27.2]",24.0,21.610714285714284,0.8186249999999999,19.647,24.0,384.57399999999996,4.40973476950287,86.31696132981098,1.0
1649,"(27.2, 29.0]",9.0,21.610714285714284,0.7616666666666667,6.855,9.0,391.429,1.5385927543615907,87.85555408417258,5.0
1649,"(29.0, 30.8]",8.0,21.610714285714284,0.62625,5.01,8.0,396.43899999999996,1.124485732946983,88.98003981711956,1.0
1649,"(30.8, 32.6]",7.0,21.610714285714284,1.169,8.183,7.0,404.62199999999996,1.8366600304800724,90.81669984759964,2.0
1649,"(32.6, 34.4]",8.0,21.610714285714284,1.042125,8.337,8.0,412.95899999999995,1.8712250609938121,92.68792490859344,0.0
1649,"(34.4, 36.2]",14.0,21.610714285714284,1.0002857142857142,14.004,14.0,426.96299999999997,3.1431732942494115,95.83109820284285,0.0
1649,"(36.2, 38.0]",12.0,21.610714285714284,1.5478333333333334,18.574,12.0,445.537,4.1689017971571385,100.0,0.0
1649,2.0-38.0,280.0,21.610714285714284,1.5912035714285713,445.537,280.0,445.537,100.0,100.0,29.0
1691,5-num Summary,280.0,34.003571428571426,,,280.0,,,,
1691,"(4.0, 6.55]",4.0,34.003571428571426,1.69475,6.779,4.0,6.779,1.6517749453591195,1.6517749453591195,0.0
1691,"(6.55, 9.1]",4.0,34.003571428571426,3.99375,15.975,4.0,22.753999999999998,3.8924774674895906,5.544252412848709,0.0
1691,"(9.1, 11.65]",3.0,34.003571428571426,2.3706666666666667,7.112,3.0,29.866,1.7329139122870714,7.277166325135781,1.0
1691,"(11.65, 14.2]",4.0,34.003571428571426,1.2395,4.958,4.0,34.824,1.208069063149508,8.485235388285288,1.0
1691,"(14.2, 16.75]",4.0,34.003571428571426,3.88275,15.531,4.0,50.355,3.7842921782523207,12.26952756653761,1.0
1691,"(16.75, 19.3]",8.0,34.003571428571426,2.805375,22.443,8.0,72.798,5.468473978270352,17.738001544807965,0.0
1691,"(19.3, 21.85]",8.0,34.003571428571426,3.35375,26.83,8.0,99.628,6.5374128608917506,24.275414405699713,2.0
1691,"(21.85, 24.4]",19.0,34.003571428571426,1.8835263157894737,35.787,19.0,135.415,8.719880508860719,32.99529491456043,1.0
1691,"(24.4, 26.95]",7.0,34.003571428571426,1.9662857142857142,13.764,7.0,149.179,3.35374396635535,36.34903888091578,2.0
1691,"(26.95, 29.5]",20.0,34.003571428571426,2.3655,47.31,20.0,196.489,11.527581157241473,47.876620038157256,1.0
1691,"(29.5, 32.05]",31.0,34.003571428571426,1.3314516129032257,41.275,31.0,237.764,10.057089669523183,57.933709707680435,4.0
1691,"(32.05, 34.6]",19.0,34.003571428571426,1.5795263157894737,30.011,19.0,267.77500000000003,7.312497106530835,65.24620681421128,1.0
1691,"(34.6, 37.15]",43.0,34.003571428571426,1.1823255813953488,50.84,43.0,318.615,12.387702938790033,77.6339097530013,3.0
1691,"(37.15, 39.7]",29.0,34.003571428571426,0.7180344827586207,20.823,29.0,339.438,5.0737438688911265,82.70765362189243,0.0
1691,"(39.7, 42.25]",13.0,34.003571428571426,0.7485384615384615,9.731,13.0,349.169,2.3710609224501535,85.07871454434259,4.0
1691,"(42.25, 44.8]",10.0,34.003571428571426,0.8178000000000001,8.178,10.0,357.347,1.992656070681056,87.07137061502364,3.0
1691,"(44.8, 47.35]",10.0,34.003571428571426,0.7750999999999999,7.7509999999999994,10.0,365.09799999999996,1.888613010986655,88.95998362601028,3.0
1691,"(47.35, 49.9]",7.0,34.003571428571426,1.0715714285714286,7.501,7.0,372.59899999999993,1.827697870650355,90.78768149666064,2.0
1691,"(49.9, 52.45]",14.0,34.003571428571426,0.7802142857142857,10.923,14.0,383.52199999999993,2.6615043115736334,93.44918580823428,0.0
1691,"(52.45, 55.0]",20.0,34.003571428571426,1.3442500000000002,26.885,20.0,410.4069999999999,6.550814191765736,100.0,0.0
1691,4.0-55.0,280.0,34.003571428571426,1.4657392857142855,410.4069999999999,280.0,410.4069999999999,100.0,100.0,29.0
1750,5-num Summary,280.0,25.67142857142857,,,280.0,,,,
1750,"(3.0, 4.95]",1.0,25.67142857142857,0.96,0.96,1.0,0.96,0.2091489598107202,0.2091489598107202,0.0
1750,"(4.95, 6.9]",4.0,25.67142857142857,3.376,13.504,4.0,14.463999999999999,2.9420287013374646,3.1511776611481843,0.0
1750,"(6.9, 8.85]",5.0,25.67142857142857,3.9202000000000004,19.601000000000003,5.0,34.065,4.270342459635342,7.421520120783525,0.0
1750,"(8.85, 10.8]",3.0,25.67142857142857,1.9106666666666667,5.732,3.0,39.797,1.248793580869842,8.670313701653367,1.0
1750,"(10.8, 12.75]",3.0,25.67142857142857,1.4223333333333332,4.2669999999999995,3.0,44.06399999999999,0.9296235536586906,9.599937255312057,0.0
1750,"(12.75, 14.7]",6.0,25.67142857142857,2.1519999999999997,12.911999999999999,6.0,56.97599999999999,2.813053509454187,12.412990764766244,3.0
1750,"(14.7, 16.65]",9.0,25.67142857142857,2.646333333333333,23.817,9.0,80.79299999999999,5.188854974804087,17.60184573957033,0.0
1750,"(16.65, 18.6]",21.0,25.67142857142857,2.5325714285714285,53.184,21.0,133.97699999999998,11.5868523735139,29.18869811308423,3.0
1750,"(18.6, 20.55]",20.0,25.67142857142857,1.85545,37.109,20.0,171.08599999999998,8.08469661418335,37.27339472726758,2.0
1750,"(20.55, 22.5]",23.0,25.67142857142857,2.0118260869565217,46.272,23.0,217.35799999999998,10.080979862876713,47.354374590144296,2.0
1750,"(22.5, 24.45]",29.0,25.67142857142857,1.816551724137931,52.68,29.0,270.03799999999995,11.477049169613272,58.83142375975756,2.0
1750,"(24.45, 26.4]",36.0,25.67142857142857,1.324138888888889,47.669000000000004,36.0,317.70699999999994,10.385335172101275,69.21675893185883,1.0
1750,"(26.4, 28.35]",19.0,25.67142857142857,1.284421052631579,24.404,19.0,342.11099999999993,5.316740849188351,74.53349978104717,4.0
1750,"(28.35, 30.3]",19.0,25.67142857142857,1.4867894736842107,28.249000000000002,19.0,370.35999999999996,6.1544260059302465,80.68792578697743,2.0
1750,"(30.3, 32.25]",21.0,25.67142857142857,1.1139523809523808,23.392999999999997,21.0,393.75299999999993,5.096480850887685,85.7844066378651,5.0
1750,"(32.25, 34.2]",17.0,25.67142857142857,0.7435294117647059,12.64,17.0,406.3929999999999,2.7537946375078164,88.53820127537291,2.0
1750,"(34.2, 36.15]",9.0,25.67142857142857,1.0547777777777778,9.493,9.0,415.8859999999999,2.068178203628299,90.60637947900122,2.0
1750,"(36.15, 38.1]",8.0,25.67142857142857,1.099375,8.795,8.0,424.6809999999999,1.9161094807659211,92.52248895976714,0.0
1750,"(38.1, 40.05]",14.0,25.67142857142857,1.0592857142857144,14.83,14.0,439.5109999999999,3.2309157020760217,95.75340466184316,0.0
1750,"(40.05, 42.0]",12.0,25.67142857142857,1.6243333333333334,19.492,12.0,459.00299999999993,4.2465953381568315,100.0,0.0
1750,3.0-42.0,280.0,25.67142857142857,1.6392964285714282,459.00299999999993,280.0,459.00299999999993,100.0,100.0,29.0
1781,5-num Summary,44.0,4.5227272727272725,,,44.0,,,,
1781,"(1.9, 2.35]",12.0,4.5227272727272725,1.6548333333333334,19.858,12.0,19.858,25.639436546978096,25.639436546978096,1.0
1781,"(2.8, 3.25]",5.0,4.5227272727272725,1.5446,7.723,5.0,27.581,9.97146583000865,35.61090237698674,0.0
1781,"(3.7, 4.15]",2.0,4.5227272727272725,1.3215,2.643,2.0,30.224,3.4124801487392027,39.02338252572595,1.0
1781,"(4.6, 5.05]",3.0,4.5227272727272725,3.814333333333334,11.443000000000001,3.0,41.667,14.774502588733524,53.797885114459476,1.0
1781,"(5.95, 6.4]",4.0,4.5227272727272725,1.222,4.888,4.0,46.555,6.3110870098513905,60.10897212431085,1.0
1781,"(6.85, 7.3]",8.0,4.5227272727272725,2.1876249999999997,17.500999999999998,8.0,64.056,22.596222127538702,82.70519425184956,0.0
1781,"(7.75, 8.2]",3.0,4.5227272727272725,2.766666666666667,8.3,3.0,72.356,10.716452983176463,93.42164723502601,0.0
1781,"(8.65, 9.1]",1.0,4.5227272727272725,2.738,2.738,1.0,75.094,3.5351383455345964,96.9567855805606,0.0
1781,"(9.55, 10.0]",2.0,4.5227272727272725,1.1785,2.357,2.0,77.451,3.043214419439388,100.0,2.0
1781,1.0-10.0,44.0,4.5227272727272725,1.7602499999999999,77.451,44.0,77.451,100.0,100.0,29.0
1785,5-num Summary,44.0,5.068181818181818,,,44.0,,,,
1785,"(2.75, 3.0]",8.0,5.068181818181818,1.55175,12.414,8.0,12.414,14.761525381404805,14.761525381404805,1.0
1785,"(3.75, 4.0]",4.0,5.068181818181818,2.5175,10.07,4.0,22.484,11.974267809791074,26.735793191195878,2.0
1785,"(4.75, 5.0]",9.0,5.068181818181818,1.6466666666666667,14.82,9.0,37.304,17.62250734271139,44.358300533907276,0.0
1785,"(5.75, 6.0]",18.0,5.068181818181818,1.7607777777777778,31.694,18.0,68.998,37.687432369763485,82.04573290367075,1.0
1785,"(6.75, 7.0]",4.0,5.068181818181818,3.77475,15.099,4.0,84.09700000000001,17.95426709632924,100.0,2.0
1785,2.0-7.0,44.0,5.068181818181818,1.9112954545454548,84.09700000000001,44.0,84.09700000000001,100.0,100.0,29.0
1795,5-num Summary,44.0,4.5227272727272725,,,44.0,,,,
1795,"(1.9, 2.35]",12.0,4.5227272727272725,1.4790833333333333,17.749,12.0,17.749,24.4894861747337,24.4894861747337,1.0
1795,"(2.8, 3.25]",5.0,4.5227272727272725,1.6154,8.077,5.0,25.826,11.144378828853688,35.63386500358739,0.0
1795,"(3.7, 4.15]",2.0,4.5227272727272725,1.264,2.528,2.0,28.354,3.4880512169545774,39.12191622054196,1.0
1795,"(4.6, 5.05]",3.0,4.5227272727272725,3.7600000000000002,11.280000000000001,3.0,39.634,15.563772835145425,54.68568905568739,1.0
1795,"(5.95, 6.4]",4.0,4.5227272727272725,1.1675,4.67,4.0,44.304,6.4435123351178305,61.12920139080522,1.0
1795,"(6.85, 7.3]",8.0,4.5227272727272725,1.9495,15.596,8.0,59.900000000000006,21.51884761852199,82.64804900932722,0.0
1795,"(7.75, 8.2]",3.0,4.5227272727272725,2.6393333333333335,7.918,3.0,67.81800000000001,10.924995860698711,93.57304487002594,0.0
1795,"(8.65, 9.1]",1.0,4.5227272727272725,2.519,2.519,1.0,70.33700000000002,3.4756333130967487,97.04867818312269,0.0
1795,"(9.55, 10.0]",2.0,4.5227272727272725,1.0695000000000001,2.1390000000000002,2.0,72.47600000000001,2.9513218168773108,100.0,2.0
1795,1.0-10.0,44.0,4.5227272727272725,1.6471818181818185,72.47600000000001,44.0,72.47600000000001,100.0,100.0,29.0
1834,5-num Summary,280.0,19.792857142857144,,,280.0,,,,
1834,"(2.0, 3.75]",2.0,19.792857142857144,5.5115,11.023,2.0,11.023,2.376717098865653,2.376717098865653,1.0
1834,"(3.75, 5.5]",4.0,19.792857142857144,2.0997500000000002,8.399000000000001,4.0,19.422,1.810945016181858,4.1876621150475115,2.0
1834,"(5.5, 7.25]",8.0,19.792857142857144,3.40575,27.246,8.0,46.668,5.87462887378151,10.062290988829021,0.0
1834,"(7.25, 9.0]",7.0,19.792857142857144,2.5725714285714285,18.008,7.0,64.676,3.8827834089061675,13.945074397735189,0.0
1834,"(9.0, 10.75]",6.0,19.792857142857144,1.5665000000000002,9.399000000000001,6.0,74.075,2.0265593769607437,15.971633774695931,1.0
1834,"(10.75, 12.5]",16.0,19.792857142857144,3.07075,49.132,16.0,123.207,10.593564773788195,26.565198548484126,1.0
1834,"(12.5, 14.25]",23.0,19.792857142857144,1.3690434782608696,31.488,23.0,154.695,6.789264992205542,33.354463540689665,4.0
1834,"(14.25, 16.0]",19.0,19.792857142857144,1.4133684210526316,26.854,19.0,181.54899999999998,5.790108044356187,39.14457158504585,2.0
1834,"(16.0, 17.75]",14.0,19.792857142857144,1.2644285714285715,17.702,14.0,199.25099999999998,3.816805414507829,42.96137699955368,2.0
1834,"(17.75, 19.5]",29.0,19.792857142857144,1.3592758620689653,39.419,29.0,238.66999999999996,8.49930248754288,51.46067948709656,2.0
1834,"(19.5, 21.25]",32.0,19.792857142857144,1.8003125,57.61,32.0,296.28,12.421543324471585,63.88222281156815,3.0
1834,"(21.25, 23.0]",29.0,19.792857142857144,1.5518620689655171,45.004,29.0,341.284,9.703508692492955,73.5857315040611,3.0
1834,"(23.0, 24.75]",17.0,19.792857142857144,1.2724117647058824,21.631,17.0,362.91499999999996,4.663954238008069,78.24968574206916,4.0
1834,"(24.75, 26.5]",27.0,19.792857142857144,1.4080370370370372,38.017,27.0,400.93199999999996,8.197011153730886,86.44669689580005,1.0
1834,"(26.5, 28.25]",18.0,19.792857142857144,1.5644444444444445,28.16,18.0,429.092,6.071700399533412,92.51839729533347,1.0
1834,"(28.25, 30.0]",4.0,19.792857142857144,0.91125,3.645,4.0,432.73699999999997,0.7859143450390371,93.30431164037249,2.0
1834,"(30.0, 31.75]",7.0,19.792857142857144,1.1347142857142858,7.9430000000000005,7.0,440.67999999999995,1.7126248676666864,95.01693650803918,0.0
1834,"(31.75, 33.5]",3.0,19.792857142857144,2.569666666666667,7.7090000000000005,3.0,448.38899999999995,1.6621711072444274,96.67910761528361,0.0
1834,"(33.5, 35.25]",10.0,19.792857142857144,1.1924,11.924,10.0,460.31299999999993,2.570985637927429,99.25009325321103,0.0
1834,"(35.25, 37.0]",3.0,19.792857142857144,1.1593333333333333,3.478,3.0,463.79099999999994,0.7499067467889632,100.0,0.0
1834,2.0-37.0,280.0,19.792857142857144,1.6563964285714283,463.79099999999994,280.0,463.79099999999994,100.0,100.0,29.0
1843,5-num Summary,280.0,22.62857142857143,,,280.0,,,,
1843,"(2.0, 3.9]",2.0,22.62857142857143,6.5760000000000005,13.152000000000001,2.0,13.152000000000001,3.0223366118209394,3.0223366118209394,1.0
1843,"(3.9, 5.8]",8.0,22.62857142857143,3.068125,24.545,8.0,37.697,5.640454085853479,8.662790697674417,0.0
1843,"(5.8, 7.7]",1.0,22.62857142857143,3.4,3.4,1.0,41.097,0.7813218126666053,9.444112510341023,2.0
1843,"(7.7, 9.6]",4.0,22.62857142857143,1.67025,6.681,4.0,47.778,1.5352973618898793,10.979409872230901,0.0
1843,"(9.6, 11.5]",3.0,22.62857142857143,2.768333333333333,8.305,3.0,56.083,1.9084934277047518,12.887903299935651,0.0
1843,"(11.5, 13.4]",10.0,22.62857142857143,1.7411,17.411,10.0,73.494,4.00105708245243,16.888960382388085,1.0
1843,"(13.4, 15.3]",16.0,22.62857142857143,2.8000625,44.801,16.0,118.295,10.295293685081349,27.184254067469432,1.0
1843,"(15.3, 17.2]",23.0,22.62857142857143,1.2211304347826086,28.086,23.0,146.381,6.454177773692433,33.63843184116186,4.0
1843,"(17.2, 19.1]",19.0,22.62857142857143,1.2831052631578947,24.379,19.0,170.76,5.6023071973526966,39.24073903851456,2.0
1843,"(19.1, 21.0]",32.0,22.62857142857143,1.003375,32.108,32.0,202.868,7.3784355179703995,46.61917455648496,3.0
1843,"(21.0, 22.9]",11.0,22.62857142857143,1.8659090909090907,20.525,11.0,223.393,4.716655942641785,51.33583049912674,1.0
1843,"(22.9, 24.8]",32.0,22.62857142857143,1.67753125,53.681,32.0,277.074,12.33592241934001,63.671752918466765,3.0
1843,"(24.8, 26.7]",29.0,22.62857142857143,1.455551724137931,42.211,29.0,319.285,9.700110304255903,73.37186322272267,3.0
1843,"(26.7, 28.6]",27.0,22.62857142857143,1.171962962962963,31.643,27.0,350.928,7.271578270061585,80.64344149278425,4.0
1843,"(28.6, 30.5]",32.0,22.62857142857143,1.51365625,48.437,32.0,399.365,11.13084842356834,91.77428991635259,1.0
1843,"(30.5, 32.4]",4.0,22.62857142857143,0.81525,3.261,4.0,402.62600000000003,0.7493795385605293,92.52366945491313,1.0
1843,"(32.4, 34.3]",10.0,22.62857142857143,1.0505,10.505,10.0,413.13100000000003,2.4140546006066734,94.9377240555198,2.0
1843,"(34.3, 36.2]",3.0,22.62857142857143,2.473333333333333,7.42,3.0,420.55100000000004,1.7051199558782975,96.6428440113981,0.0
1843,"(36.2, 38.1]",10.0,22.62857142857143,1.1338000000000001,11.338000000000001,10.0,431.88900000000007,2.6054784447099912,99.2483224561081,0.0
1843,"(38.1, 40.0]",3.0,22.62857142857143,1.0903333333333334,3.271,3.0,435.1600000000001,0.7516775438919017,100.0,0.0
1843,2.0-40.0,280.0,22.62857142857143,1.5541428571428575,435.1600000000001,280.0,435.1600000000001,100.0,100.0,29.0
1853,5-num Summary,44.0,5.045454545454546,,,44.0,,,,
1853,"(2.9, 3.2]",5.0,5.045454545454546,3.9066,19.533,5.0,19.533,27.460600863196078,27.460600863196078,2.0
1853,"(3.8, 4.1]",4.0,5.045454545454546,5.249499999999999,20.997999999999998,4.0,40.531,29.52018107435576,56.98078193755184,0.0
1853,"(4.7, 5.0]",3.0,5.045454545454546,1.7583333333333335,5.275,3.0,45.806,7.415894616974315,64.39667655452615,2.0
1853,"(5.9, 6.2]",10.0,5.045454545454546,1.0451000000000001,10.451,10.0,56.257,14.692609410805415,79.08928596533157,0.0
1853,"(6.8, 7.1]",12.0,5.045454545454546,1.0251666666666666,12.302,12.0,68.559,17.2948503465437,96.38413631187527,0.0
1853,"(7.7, 8.0]",2.0,5.045454545454546,1.286,2.572,2.0,71.131,3.615863688124728,100.0,0.0
1853,2.0-8.0,44.0,5.045454545454546,1.6166136363636363,71.131,44.0,71.131,100.0,100.0,29.0
1857,5-num Summary,44.0,5.340909090909091,,,44.0,,,,
1857,"(1.7, 2.05]",2.0,5.340909090909091,6.3135,12.627,2.0,12.627,14.206476001890145,14.206476001890145,1.0
1857,"(2.75, 3.1]",3.0,5.340909090909091,3.8040000000000003,11.412,3.0,24.039,12.839495060867215,27.045971062757356,0.0
1857,"(3.8, 4.15]",5.0,5.340909090909091,3.2734,16.367,5.0,40.406000000000006,18.4143021084134,45.46027317117076,1.0
1857,"(4.85, 5.2]",9.0,5.340909090909091,2.7046666666666663,24.342,9.0,64.748,27.3868724826174,72.84714565378816,0.0
1857,"(5.9, 6.25]",3.0,5.340909090909091,1.3466666666666667,4.04,3.0,68.78800000000001,4.5453522648005205,77.39249791858869,2.0
1857,"(6.95, 7.3]",9.0,5.340909090909091,1.0777777777777777,9.7,9.0,78.48800000000001,10.91334578429828,88.30584370288696,0.0
1857,"(7.65, 8.0]",9.0,5.340909090909091,1.1548888888888889,10.394,9.0,88.88200000000002,11.694156297113025,100.0,0.0
1857,1.0-8.0,44.0,5.340909090909091,2.020045454545455,88.88200000000002,44.0,88.88200000000002,100.0,100.0,29.0
1858,5-num Summary,44.0,4.75,,,44.0,,,,
1858,"(2.9, 3.2]",10.0,4.75,2.8643,28.643,10.0,28.643,32.010862884028654,32.010862884028654,1.0
1858,"(3.8, 4.1]",10.0,4.75,1.2611,12.611,10.0,41.254000000000005,14.09380972071659,46.10467260474525,1.0
1858,"(4.7, 5.0]",12.0,4.75,2.1620833333333334,25.945,12.0,67.19900000000001,28.995630259613986,75.10030286435924,0.0
1858,"(5.9, 6.2]",5.0,4.75,2.8106,14.053,5.0,81.25200000000001,15.705361034432658,90.80566389879189,1.0
1858,"(6.8, 7.1]",1.0,4.75,3.135,3.135,1.0,84.38700000000001,3.5036153734395774,94.30927927223148,0.0
1858,"(7.7, 8.0]",5.0,4.75,1.0184,5.092,5.0,89.47900000000001,5.690720727768525,100.0,0.0
1858,2.0-8.0,44.0,4.75,2.033613636363637,89.47900000000001,44.0,89.47900000000001,100.0,100.0,29.0
2001,5-num Summary,280.0,22.675,,,280.0,,,,
2001,"(2.0, 4.5]",2.0,22.675,1.496,2.992,2.0,2.992,0.775585642333704,0.775585642333704,0.0
2001,"(4.5, 7.0]",4.0,22.675,1.7222499999999998,6.888999999999999,4.0,9.881,1.7857652038893335,2.561350846223038,2.0
2001,"(7.0, 9.5]",15.0,22.675,2.1035333333333335,31.553,15.0,41.434,8.179162357137487,10.740513203360525,3.0
2001,"(9.5, 12.0]",21.0,22.675,0.9565714285714286,20.088,21.0,61.522,5.207207347326018,15.947720550686542,0.0
2001,"(12.0, 14.5]",21.0,22.675,1.315952380952381,27.635,21.0,89.157,7.163539179776708,23.11125973046325,3.0
2001,"(14.5, 17.0]",41.0,22.675,1.088390243902439,44.624,41.0,133.781,11.567424366142784,34.678684096606034,2.0
2001,"(17.0, 19.5]",21.0,22.675,1.2899047619047619,27.088,21.0,160.869,7.021745949042571,41.70043004564861,7.0
2001,"(19.5, 22.0]",48.0,22.675,1.2843333333333333,61.647999999999996,48.0,222.517,15.980382245517438,57.68081229116604,4.0
2001,"(22.0, 24.5]",13.0,22.675,1.4631538461538462,19.021,13.0,241.538,4.930619820464367,62.611432111630414,0.0
2001,"(24.5, 27.0]",19.0,22.675,1.4627368421052633,27.792,19.0,269.33000000000004,7.204236688415208,69.81566880004563,2.0
2001,"(27.0, 29.5]",9.0,22.675,1.6872222222222222,15.184999999999999,9.0,284.51500000000004,3.936252666723694,73.75192146676932,1.0
2001,"(29.5, 32.0]",11.0,22.675,1.3116363636363635,14.427999999999999,11.0,298.94300000000004,3.7400232779380613,77.49194474470738,1.0
2001,"(32.0, 34.5]",9.0,22.675,2.2533333333333334,20.28,9.0,319.22300000000007,5.256977548973101,82.7489222936805,0.0
2001,"(34.5, 37.0]",9.0,22.675,2.4413333333333336,21.972,9.0,341.19500000000005,5.695577450988016,88.4444997446685,1.0
2001,"(37.0, 39.5]",12.0,22.675,1.3813333333333333,16.576,12.0,357.7710000000001,4.296827408864798,92.7413271535333,1.0
2001,"(39.5, 42.0]",3.0,22.675,1.737,5.211,3.0,362.9820000000001,1.3507943790778516,94.09212153261116,0.0
2001,"(42.0, 44.5]",2.0,22.675,0.653,1.306,2.0,364.28800000000007,0.33854105912025984,94.43066259173142,0.0
2001,"(44.5, 47.0]",6.0,22.675,1.4496666666666667,8.698,6.0,372.98600000000005,2.2546938225329405,96.68535641426436,2.0
2001,"(47.0, 49.5]",7.0,22.675,0.7022857142857143,4.916,7.0,377.90200000000004,1.274324538005511,97.95968095226986,0.0
2001,"(49.5, 52.0]",6.0,22.675,1.3118333333333334,7.871,6.0,385.773,2.040319047730142,100.0,0.0
2001,2.0-52.0,280.0,22.675,1.3777607142857144,385.773,280.0,385.773,100.0,100.0,29.0
